,AP,BLESS,Battig,ESSLI_1a,ESSLI_2b,ESSLI_2c,MEN,MTurk,RG65,RW,SimLex999,WS353,WS353R,WS353S,Google,MSR,SemEval2012_2
0,0.6343283582089552,0.6950000000000001,0.4572739437965972,0.7272727272727273,0.8250000000000001,0.6444444444444445,0.6988513568872218,0.6590430898896424,0.7478663803366048,0.3938579845386161,0.3941606142431828,0.6716458456830843,0.6036540374645067,0.7453335336045845,0.59690953745395,0.4885,0.1872025759940676
